id,created_at,last_update
11555248-3f01-4d1c-9a71-ef7caf9150fa,2026-04-16 09:12:53.421,2026-04-16 09:12:53.421
70e85b5e-92d4-498a-9079-ba881f5b3b82,2026-04-16 09:12:53.422,2026-04-16 09:12:53.422
c27240eb-52c0-4436-aa0f-e7f97a94a725,2026-04-16 09:12:56.532,2026-04-16 09:12:56.532
0d271530-be17-4538-bf04-dde3c6069b5f,2026-04-16 09:12:58.644,2026-04-16 09:12:58.644
7234f6dc-a316-4576-8453-6e10d7cf1c3d,2026-04-16 09:13:05.993,2026-04-16 09:13:05.993
84c2c4e6-1c27-4f2c-808b-9e84a7cb257e,2026-04-16 09:13:06.492,2026-04-16 09:13:06.492
bcec21aa-2246-4ee8-9f2a-3998a5cde697,2026-04-16 09:13:55.230,2026-04-16 09:13:55.230
960ad9f8-2b83-4526-9cfb-1a59cec049a6,2026-04-16 09:16:16.341,2026-04-16 09:16:16.341
eda1acdb-c4bb-4425-a39f-4c25a998e739,2026-04-16 09:27:08.840,2026-04-16 09:27:08.840
c44fb8ae-6e48-4f56-b5ea-1727c487a5e7,2026-04-16 09:33:43.936,2026-04-16 09:33:43.936
70c71a91-06a1-4bf4-8e56-f4327b1c8b3f,2026-04-16 09:44:52.789,2026-04-16 09:44:52.789
0947a22a-ec40-4f49-867b-330a623a1a35,2026-04-16 09:40:38.106,2026-04-16 09:45:54.403
fb270a09-6a45-4eae-8f9a-3c808faec3ee,2026-04-16 09:13:31.320,2026-04-16 10:25:23.436
