user,mutant_id,timestamp
f4220330-7c22-4287-8947-4c84556b88e0,1,2026-04-16 09:06:18.439
f4220330-7c22-4287-8947-4c84556b88e0,2,2026-04-16 09:06:18.493
f4220330-7c22-4287-8947-4c84556b88e0,3,2026-04-16 09:06:18.501
f4220330-7c22-4287-8947-4c84556b88e0,4,2026-04-16 09:06:18.509
f4220330-7c22-4287-8947-4c84556b88e0,5,2026-04-16 09:06:18.517
f4220330-7c22-4287-8947-4c84556b88e0,6,2026-04-16 09:06:18.534
f4220330-7c22-4287-8947-4c84556b88e0,7,2026-04-16 09:06:18.542
f4220330-7c22-4287-8947-4c84556b88e0,8,2026-04-16 09:06:18.550
f4220330-7c22-4287-8947-4c84556b88e0,9,2026-04-16 09:06:18.558
f4220330-7c22-4287-8947-4c84556b88e0,10,2026-04-16 09:06:18.567
f4220330-7c22-4287-8947-4c84556b88e0,11,2026-04-16 09:06:18.575
f4220330-7c22-4287-8947-4c84556b88e0,12,2026-04-16 09:06:18.584
f4220330-7c22-4287-8947-4c84556b88e0,13,2026-04-16 09:06:18.611
f4220330-7c22-4287-8947-4c84556b88e0,14,2026-04-16 09:06:18.626
f4220330-7c22-4287-8947-4c84556b88e0,15,2026-04-16 09:06:18.634
f4220330-7c22-4287-8947-4c84556b88e0,16,2026-04-16 09:06:18.642
f4220330-7c22-4287-8947-4c84556b88e0,17,2026-04-16 09:06:18.650
f4220330-7c22-4287-8947-4c84556b88e0,18,2026-04-16 09:06:18.659
70e85b5e-92d4-498a-9079-ba881f5b3b82,77,2026-04-16 10:18:50.824
70e85b5e-92d4-498a-9079-ba881f5b3b82,78,2026-04-16 10:18:50.879
70e85b5e-92d4-498a-9079-ba881f5b3b82,79,2026-04-16 10:18:50.888
70e85b5e-92d4-498a-9079-ba881f5b3b82,83,2026-04-16 10:18:50.896
70e85b5e-92d4-498a-9079-ba881f5b3b82,85,2026-04-16 10:18:50.905
70e85b5e-92d4-498a-9079-ba881f5b3b82,86,2026-04-16 10:18:50.913
70e85b5e-92d4-498a-9079-ba881f5b3b82,89,2026-04-16 10:18:50.922
70e85b5e-92d4-498a-9079-ba881f5b3b82,90,2026-04-16 10:18:50.929
70e85b5e-92d4-498a-9079-ba881f5b3b82,91,2026-04-16 10:18:50.938
70e85b5e-92d4-498a-9079-ba881f5b3b82,92,2026-04-16 10:18:50.971
70e85b5e-92d4-498a-9079-ba881f5b3b82,104,2026-04-16 10:18:50.988
70e85b5e-92d4-498a-9079-ba881f5b3b82,137,2026-04-16 10:18:51.004
70e85b5e-92d4-498a-9079-ba881f5b3b82,138,2026-04-16 10:18:51.031
70e85b5e-92d4-498a-9079-ba881f5b3b82,144,2026-04-16 10:18:51.046
70e85b5e-92d4-498a-9079-ba881f5b3b82,142,2026-04-16 10:18:51.081
70e85b5e-92d4-498a-9079-ba881f5b3b82,147,2026-04-16 10:18:51.096
70e85b5e-92d4-498a-9079-ba881f5b3b82,170,2026-04-16 10:18:51.105
70e85b5e-92d4-498a-9079-ba881f5b3b82,171,2026-04-16 10:18:51.113
70e85b5e-92d4-498a-9079-ba881f5b3b82,172,2026-04-16 10:18:51.122
70e85b5e-92d4-498a-9079-ba881f5b3b82,173,2026-04-16 10:18:51.146
70e85b5e-92d4-498a-9079-ba881f5b3b82,175,2026-04-16 10:18:51.172
70e85b5e-92d4-498a-9079-ba881f5b3b82,176,2026-04-16 10:18:51.180
70e85b5e-92d4-498a-9079-ba881f5b3b82,177,2026-04-16 10:18:51.188
70e85b5e-92d4-498a-9079-ba881f5b3b82,178,2026-04-16 10:18:51.214
70e85b5e-92d4-498a-9079-ba881f5b3b82,179,2026-04-16 10:18:51.221
70e85b5e-92d4-498a-9079-ba881f5b3b82,180,2026-04-16 10:18:51.230
70e85b5e-92d4-498a-9079-ba881f5b3b82,181,2026-04-16 10:18:51.238
70e85b5e-92d4-498a-9079-ba881f5b3b82,182,2026-04-16 10:18:51.247
70e85b5e-92d4-498a-9079-ba881f5b3b82,183,2026-04-16 10:18:51.255
70e85b5e-92d4-498a-9079-ba881f5b3b82,224,2026-04-16 10:18:51.263
70e85b5e-92d4-498a-9079-ba881f5b3b82,231,2026-04-16 10:18:51.289
70e85b5e-92d4-498a-9079-ba881f5b3b82,233,2026-04-16 10:18:51.296
70e85b5e-92d4-498a-9079-ba881f5b3b82,234,2026-04-16 10:18:51.305
70e85b5e-92d4-498a-9079-ba881f5b3b82,241,2026-04-16 10:18:51.313
70e85b5e-92d4-498a-9079-ba881f5b3b82,242,2026-04-16 10:18:51.321
70e85b5e-92d4-498a-9079-ba881f5b3b82,280,2026-04-16 10:18:51.330
70e85b5e-92d4-498a-9079-ba881f5b3b82,281,2026-04-16 10:18:51.356
70e85b5e-92d4-498a-9079-ba881f5b3b82,282,2026-04-16 10:18:51.364
c27240eb-52c0-4436-aa0f-e7f97a94a725,74,2026-04-16 10:20:34.426
c27240eb-52c0-4436-aa0f-e7f97a94a725,75,2026-04-16 10:20:34.456
c27240eb-52c0-4436-aa0f-e7f97a94a725,85,2026-04-16 10:20:34.472
c27240eb-52c0-4436-aa0f-e7f97a94a725,88,2026-04-16 10:20:34.481
c27240eb-52c0-4436-aa0f-e7f97a94a725,89,2026-04-16 10:20:34.489
c27240eb-52c0-4436-aa0f-e7f97a94a725,90,2026-04-16 10:20:34.505
c27240eb-52c0-4436-aa0f-e7f97a94a725,96,2026-04-16 10:20:34.514
c27240eb-52c0-4436-aa0f-e7f97a94a725,104,2026-04-16 10:20:34.522
c27240eb-52c0-4436-aa0f-e7f97a94a725,106,2026-04-16 10:20:34.551
c27240eb-52c0-4436-aa0f-e7f97a94a725,131,2026-04-16 10:20:34.564
c27240eb-52c0-4436-aa0f-e7f97a94a725,134,2026-04-16 10:20:34.572
c27240eb-52c0-4436-aa0f-e7f97a94a725,133,2026-04-16 10:20:34.581
c27240eb-52c0-4436-aa0f-e7f97a94a725,136,2026-04-16 10:20:34.589
c27240eb-52c0-4436-aa0f-e7f97a94a725,137,2026-04-16 10:20:34.598
c27240eb-52c0-4436-aa0f-e7f97a94a725,138,2026-04-16 10:20:34.605
c27240eb-52c0-4436-aa0f-e7f97a94a725,144,2026-04-16 10:20:34.614
c27240eb-52c0-4436-aa0f-e7f97a94a725,146,2026-04-16 10:20:34.622
c27240eb-52c0-4436-aa0f-e7f97a94a725,142,2026-04-16 10:20:34.630
c27240eb-52c0-4436-aa0f-e7f97a94a725,147,2026-04-16 10:20:34.638
c27240eb-52c0-4436-aa0f-e7f97a94a725,143,2026-04-16 10:20:34.648
c27240eb-52c0-4436-aa0f-e7f97a94a725,148,2026-04-16 10:20:34.655
c27240eb-52c0-4436-aa0f-e7f97a94a725,168,2026-04-16 10:20:34.664
c27240eb-52c0-4436-aa0f-e7f97a94a725,169,2026-04-16 10:20:34.672
c27240eb-52c0-4436-aa0f-e7f97a94a725,170,2026-04-16 10:20:34.681
c27240eb-52c0-4436-aa0f-e7f97a94a725,171,2026-04-16 10:20:34.689
c27240eb-52c0-4436-aa0f-e7f97a94a725,172,2026-04-16 10:20:34.697
c27240eb-52c0-4436-aa0f-e7f97a94a725,173,2026-04-16 10:20:34.706
c27240eb-52c0-4436-aa0f-e7f97a94a725,174,2026-04-16 10:20:34.714
c27240eb-52c0-4436-aa0f-e7f97a94a725,175,2026-04-16 10:20:34.743
c27240eb-52c0-4436-aa0f-e7f97a94a725,176,2026-04-16 10:20:34.755
c27240eb-52c0-4436-aa0f-e7f97a94a725,177,2026-04-16 10:20:34.764
c27240eb-52c0-4436-aa0f-e7f97a94a725,178,2026-04-16 10:20:34.772
c27240eb-52c0-4436-aa0f-e7f97a94a725,179,2026-04-16 10:20:34.781
c27240eb-52c0-4436-aa0f-e7f97a94a725,180,2026-04-16 10:20:34.867
c27240eb-52c0-4436-aa0f-e7f97a94a725,181,2026-04-16 10:20:34.872
c27240eb-52c0-4436-aa0f-e7f97a94a725,182,2026-04-16 10:20:34.882
c27240eb-52c0-4436-aa0f-e7f97a94a725,183,2026-04-16 10:20:34.889
c27240eb-52c0-4436-aa0f-e7f97a94a725,224,2026-04-16 10:20:34.914
c27240eb-52c0-4436-aa0f-e7f97a94a725,230,2026-04-16 10:20:34.922
c27240eb-52c0-4436-aa0f-e7f97a94a725,232,2026-04-16 10:20:34.931
c27240eb-52c0-4436-aa0f-e7f97a94a725,231,2026-04-16 10:20:34.939
c27240eb-52c0-4436-aa0f-e7f97a94a725,233,2026-04-16 10:20:34.947
c27240eb-52c0-4436-aa0f-e7f97a94a725,234,2026-04-16 10:20:34.956
c27240eb-52c0-4436-aa0f-e7f97a94a725,241,2026-04-16 10:20:34.964
c27240eb-52c0-4436-aa0f-e7f97a94a725,242,2026-04-16 10:20:34.973
c27240eb-52c0-4436-aa0f-e7f97a94a725,258,2026-04-16 10:20:34.980
c27240eb-52c0-4436-aa0f-e7f97a94a725,257,2026-04-16 10:20:34.989
c27240eb-52c0-4436-aa0f-e7f97a94a725,259,2026-04-16 10:20:34.997
c27240eb-52c0-4436-aa0f-e7f97a94a725,260,2026-04-16 10:20:35.026
c27240eb-52c0-4436-aa0f-e7f97a94a725,261,2026-04-16 10:20:35.039
c27240eb-52c0-4436-aa0f-e7f97a94a725,262,2026-04-16 10:20:35.047
c27240eb-52c0-4436-aa0f-e7f97a94a725,263,2026-04-16 10:20:35.056
c27240eb-52c0-4436-aa0f-e7f97a94a725,264,2026-04-16 10:20:35.064
c27240eb-52c0-4436-aa0f-e7f97a94a725,265,2026-04-16 10:20:35.072
c27240eb-52c0-4436-aa0f-e7f97a94a725,266,2026-04-16 10:20:35.080
c27240eb-52c0-4436-aa0f-e7f97a94a725,267,2026-04-16 10:20:35.089
c27240eb-52c0-4436-aa0f-e7f97a94a725,268,2026-04-16 10:20:35.097
c27240eb-52c0-4436-aa0f-e7f97a94a725,269,2026-04-16 10:20:35.106
c27240eb-52c0-4436-aa0f-e7f97a94a725,270,2026-04-16 10:20:35.114
c27240eb-52c0-4436-aa0f-e7f97a94a725,271,2026-04-16 10:20:35.122
c27240eb-52c0-4436-aa0f-e7f97a94a725,272,2026-04-16 10:20:35.131
c27240eb-52c0-4436-aa0f-e7f97a94a725,273,2026-04-16 10:20:35.139
c27240eb-52c0-4436-aa0f-e7f97a94a725,274,2026-04-16 10:20:35.148
c27240eb-52c0-4436-aa0f-e7f97a94a725,275,2026-04-16 10:20:35.155
c27240eb-52c0-4436-aa0f-e7f97a94a725,280,2026-04-16 10:20:35.165
c27240eb-52c0-4436-aa0f-e7f97a94a725,281,2026-04-16 10:20:35.172
c27240eb-52c0-4436-aa0f-e7f97a94a725,282,2026-04-16 10:20:35.181
c27240eb-52c0-4436-aa0f-e7f97a94a725,297,2026-04-16 10:20:35.234
fb270a09-6a45-4eae-8f9a-3c808faec3ee,1,2026-04-16 10:20:56.832
fb270a09-6a45-4eae-8f9a-3c808faec3ee,133,2026-04-16 10:20:56.870
fb270a09-6a45-4eae-8f9a-3c808faec3ee,136,2026-04-16 10:20:56.889
fb270a09-6a45-4eae-8f9a-3c808faec3ee,137,2026-04-16 10:20:56.906
fb270a09-6a45-4eae-8f9a-3c808faec3ee,168,2026-04-16 10:20:56.924
fb270a09-6a45-4eae-8f9a-3c808faec3ee,170,2026-04-16 10:20:56.931
fb270a09-6a45-4eae-8f9a-3c808faec3ee,172,2026-04-16 10:20:56.939
fb270a09-6a45-4eae-8f9a-3c808faec3ee,174,2026-04-16 10:20:56.947
fb270a09-6a45-4eae-8f9a-3c808faec3ee,175,2026-04-16 10:20:56.956
fb270a09-6a45-4eae-8f9a-3c808faec3ee,176,2026-04-16 10:20:56.965
fb270a09-6a45-4eae-8f9a-3c808faec3ee,177,2026-04-16 10:20:56.973
fb270a09-6a45-4eae-8f9a-3c808faec3ee,178,2026-04-16 10:20:56.981
fb270a09-6a45-4eae-8f9a-3c808faec3ee,224,2026-04-16 10:20:56.990
fb270a09-6a45-4eae-8f9a-3c808faec3ee,230,2026-04-16 10:20:56.998
fb270a09-6a45-4eae-8f9a-3c808faec3ee,232,2026-04-16 10:20:57.026
fb270a09-6a45-4eae-8f9a-3c808faec3ee,231,2026-04-16 10:20:57.040
fb270a09-6a45-4eae-8f9a-3c808faec3ee,233,2026-04-16 10:20:57.064
fb270a09-6a45-4eae-8f9a-3c808faec3ee,234,2026-04-16 10:20:57.106
fb270a09-6a45-4eae-8f9a-3c808faec3ee,258,2026-04-16 10:20:57.114
fb270a09-6a45-4eae-8f9a-3c808faec3ee,257,2026-04-16 10:20:57.123
fb270a09-6a45-4eae-8f9a-3c808faec3ee,259,2026-04-16 10:20:57.131
960ad9f8-2b83-4526-9cfb-1a59cec049a6,184,2026-04-16 10:22:54.991
960ad9f8-2b83-4526-9cfb-1a59cec049a6,185,2026-04-16 10:22:55.048
960ad9f8-2b83-4526-9cfb-1a59cec049a6,186,2026-04-16 10:22:55.073
960ad9f8-2b83-4526-9cfb-1a59cec049a6,187,2026-04-16 10:22:55.082
960ad9f8-2b83-4526-9cfb-1a59cec049a6,188,2026-04-16 10:22:55.099
960ad9f8-2b83-4526-9cfb-1a59cec049a6,189,2026-04-16 10:22:55.130
960ad9f8-2b83-4526-9cfb-1a59cec049a6,190,2026-04-16 10:22:55.140
960ad9f8-2b83-4526-9cfb-1a59cec049a6,191,2026-04-16 10:22:55.148
960ad9f8-2b83-4526-9cfb-1a59cec049a6,192,2026-04-16 10:22:55.157
960ad9f8-2b83-4526-9cfb-1a59cec049a6,193,2026-04-16 10:22:55.165
960ad9f8-2b83-4526-9cfb-1a59cec049a6,194,2026-04-16 10:22:55.202
960ad9f8-2b83-4526-9cfb-1a59cec049a6,195,2026-04-16 10:22:55.258
960ad9f8-2b83-4526-9cfb-1a59cec049a6,196,2026-04-16 10:22:55.274
960ad9f8-2b83-4526-9cfb-1a59cec049a6,197,2026-04-16 10:22:55.282
960ad9f8-2b83-4526-9cfb-1a59cec049a6,198,2026-04-16 10:22:55.291
0947a22a-ec40-4f49-867b-330a623a1a35,74,2026-04-16 10:22:59.911
0947a22a-ec40-4f49-867b-330a623a1a35,75,2026-04-16 10:23:00.098
0947a22a-ec40-4f49-867b-330a623a1a35,78,2026-04-16 10:23:00.107
0947a22a-ec40-4f49-867b-330a623a1a35,79,2026-04-16 10:23:00.124
0947a22a-ec40-4f49-867b-330a623a1a35,80,2026-04-16 10:23:00.141
0947a22a-ec40-4f49-867b-330a623a1a35,81,2026-04-16 10:23:00.148
0947a22a-ec40-4f49-867b-330a623a1a35,82,2026-04-16 10:23:00.157
0947a22a-ec40-4f49-867b-330a623a1a35,83,2026-04-16 10:23:00.165
0947a22a-ec40-4f49-867b-330a623a1a35,84,2026-04-16 10:23:00.173
0947a22a-ec40-4f49-867b-330a623a1a35,85,2026-04-16 10:23:00.182
0947a22a-ec40-4f49-867b-330a623a1a35,87,2026-04-16 10:23:00.191
0947a22a-ec40-4f49-867b-330a623a1a35,88,2026-04-16 10:23:00.198
0947a22a-ec40-4f49-867b-330a623a1a35,89,2026-04-16 10:23:00.207
0947a22a-ec40-4f49-867b-330a623a1a35,90,2026-04-16 10:23:00.215
0947a22a-ec40-4f49-867b-330a623a1a35,91,2026-04-16 10:23:00.223
0947a22a-ec40-4f49-867b-330a623a1a35,93,2026-04-16 10:23:00.232
0947a22a-ec40-4f49-867b-330a623a1a35,94,2026-04-16 10:23:00.240
0947a22a-ec40-4f49-867b-330a623a1a35,95,2026-04-16 10:23:00.249
0947a22a-ec40-4f49-867b-330a623a1a35,96,2026-04-16 10:23:00.257
0947a22a-ec40-4f49-867b-330a623a1a35,97,2026-04-16 10:23:00.265
0947a22a-ec40-4f49-867b-330a623a1a35,104,2026-04-16 10:23:00.273
0947a22a-ec40-4f49-867b-330a623a1a35,107,2026-04-16 10:23:00.305
0947a22a-ec40-4f49-867b-330a623a1a35,108,2026-04-16 10:23:00.315
0947a22a-ec40-4f49-867b-330a623a1a35,109,2026-04-16 10:23:00.324
0947a22a-ec40-4f49-867b-330a623a1a35,113,2026-04-16 10:23:00.332
0947a22a-ec40-4f49-867b-330a623a1a35,114,2026-04-16 10:23:00.341
0947a22a-ec40-4f49-867b-330a623a1a35,115,2026-04-16 10:23:00.348
0947a22a-ec40-4f49-867b-330a623a1a35,116,2026-04-16 10:23:00.357
0947a22a-ec40-4f49-867b-330a623a1a35,117,2026-04-16 10:23:00.365
0947a22a-ec40-4f49-867b-330a623a1a35,118,2026-04-16 10:23:00.373
0947a22a-ec40-4f49-867b-330a623a1a35,119,2026-04-16 10:23:00.382
0947a22a-ec40-4f49-867b-330a623a1a35,120,2026-04-16 10:23:00.391
0947a22a-ec40-4f49-867b-330a623a1a35,121,2026-04-16 10:23:00.398
0947a22a-ec40-4f49-867b-330a623a1a35,122,2026-04-16 10:23:00.407
0947a22a-ec40-4f49-867b-330a623a1a35,123,2026-04-16 10:23:00.415
0947a22a-ec40-4f49-867b-330a623a1a35,124,2026-04-16 10:23:00.424
0947a22a-ec40-4f49-867b-330a623a1a35,125,2026-04-16 10:23:00.432
0947a22a-ec40-4f49-867b-330a623a1a35,126,2026-04-16 10:23:00.440
0947a22a-ec40-4f49-867b-330a623a1a35,127,2026-04-16 10:23:00.457
0947a22a-ec40-4f49-867b-330a623a1a35,128,2026-04-16 10:23:00.466
0947a22a-ec40-4f49-867b-330a623a1a35,129,2026-04-16 10:23:00.473
0947a22a-ec40-4f49-867b-330a623a1a35,130,2026-04-16 10:23:00.497
0947a22a-ec40-4f49-867b-330a623a1a35,131,2026-04-16 10:23:00.507
0947a22a-ec40-4f49-867b-330a623a1a35,134,2026-04-16 10:23:00.515
0947a22a-ec40-4f49-867b-330a623a1a35,133,2026-04-16 10:23:00.524
0947a22a-ec40-4f49-867b-330a623a1a35,136,2026-04-16 10:23:00.531
0947a22a-ec40-4f49-867b-330a623a1a35,132,2026-04-16 10:23:00.542
0947a22a-ec40-4f49-867b-330a623a1a35,135,2026-04-16 10:23:00.548
0947a22a-ec40-4f49-867b-330a623a1a35,137,2026-04-16 10:23:00.558
0947a22a-ec40-4f49-867b-330a623a1a35,138,2026-04-16 10:23:00.565
0947a22a-ec40-4f49-867b-330a623a1a35,139,2026-04-16 10:23:00.588
0947a22a-ec40-4f49-867b-330a623a1a35,140,2026-04-16 10:23:00.599
0947a22a-ec40-4f49-867b-330a623a1a35,141,2026-04-16 10:23:00.680
0947a22a-ec40-4f49-867b-330a623a1a35,143,2026-04-16 10:23:00.842
0947a22a-ec40-4f49-867b-330a623a1a35,148,2026-04-16 10:23:00.982
0947a22a-ec40-4f49-867b-330a623a1a35,144,2026-04-16 10:23:00.991
0947a22a-ec40-4f49-867b-330a623a1a35,145,2026-04-16 10:23:00.999
0947a22a-ec40-4f49-867b-330a623a1a35,146,2026-04-16 10:23:01.007
0947a22a-ec40-4f49-867b-330a623a1a35,142,2026-04-16 10:23:01.015
0947a22a-ec40-4f49-867b-330a623a1a35,147,2026-04-16 10:23:01.023
0947a22a-ec40-4f49-867b-330a623a1a35,149,2026-04-16 10:23:01.033
0947a22a-ec40-4f49-867b-330a623a1a35,168,2026-04-16 10:23:01.040
0947a22a-ec40-4f49-867b-330a623a1a35,169,2026-04-16 10:23:01.049
0947a22a-ec40-4f49-867b-330a623a1a35,170,2026-04-16 10:23:01.057
0947a22a-ec40-4f49-867b-330a623a1a35,171,2026-04-16 10:23:01.065
0947a22a-ec40-4f49-867b-330a623a1a35,172,2026-04-16 10:23:01.074
0947a22a-ec40-4f49-867b-330a623a1a35,173,2026-04-16 10:23:01.082
0947a22a-ec40-4f49-867b-330a623a1a35,174,2026-04-16 10:23:01.090
0947a22a-ec40-4f49-867b-330a623a1a35,175,2026-04-16 10:23:01.099
0947a22a-ec40-4f49-867b-330a623a1a35,176,2026-04-16 10:23:01.131
0947a22a-ec40-4f49-867b-330a623a1a35,177,2026-04-16 10:23:01.149
0947a22a-ec40-4f49-867b-330a623a1a35,178,2026-04-16 10:23:01.157
0947a22a-ec40-4f49-867b-330a623a1a35,180,2026-04-16 10:23:01.165
0947a22a-ec40-4f49-867b-330a623a1a35,181,2026-04-16 10:23:01.173
0947a22a-ec40-4f49-867b-330a623a1a35,182,2026-04-16 10:23:01.183
0947a22a-ec40-4f49-867b-330a623a1a35,184,2026-04-16 10:23:01.190
0947a22a-ec40-4f49-867b-330a623a1a35,185,2026-04-16 10:23:01.199
0947a22a-ec40-4f49-867b-330a623a1a35,186,2026-04-16 10:23:01.207
0947a22a-ec40-4f49-867b-330a623a1a35,187,2026-04-16 10:23:01.216
0947a22a-ec40-4f49-867b-330a623a1a35,188,2026-04-16 10:23:01.224
0947a22a-ec40-4f49-867b-330a623a1a35,189,2026-04-16 10:23:01.232
0947a22a-ec40-4f49-867b-330a623a1a35,190,2026-04-16 10:23:01.241
0947a22a-ec40-4f49-867b-330a623a1a35,191,2026-04-16 10:23:01.249
0947a22a-ec40-4f49-867b-330a623a1a35,192,2026-04-16 10:23:01.257
0947a22a-ec40-4f49-867b-330a623a1a35,193,2026-04-16 10:23:01.266
0947a22a-ec40-4f49-867b-330a623a1a35,194,2026-04-16 10:23:01.274
0947a22a-ec40-4f49-867b-330a623a1a35,195,2026-04-16 10:23:01.282
0947a22a-ec40-4f49-867b-330a623a1a35,196,2026-04-16 10:23:01.291
0947a22a-ec40-4f49-867b-330a623a1a35,197,2026-04-16 10:23:01.299
0947a22a-ec40-4f49-867b-330a623a1a35,198,2026-04-16 10:23:01.330
0947a22a-ec40-4f49-867b-330a623a1a35,202,2026-04-16 10:23:01.341
0947a22a-ec40-4f49-867b-330a623a1a35,199,2026-04-16 10:23:01.349
0947a22a-ec40-4f49-867b-330a623a1a35,205,2026-04-16 10:23:01.357
0947a22a-ec40-4f49-867b-330a623a1a35,208,2026-04-16 10:23:01.366
0947a22a-ec40-4f49-867b-330a623a1a35,211,2026-04-16 10:23:01.374
0947a22a-ec40-4f49-867b-330a623a1a35,214,2026-04-16 10:23:01.382
0947a22a-ec40-4f49-867b-330a623a1a35,213,2026-04-16 10:23:01.390
0947a22a-ec40-4f49-867b-330a623a1a35,215,2026-04-16 10:23:01.398
0947a22a-ec40-4f49-867b-330a623a1a35,216,2026-04-16 10:23:01.408
0947a22a-ec40-4f49-867b-330a623a1a35,217,2026-04-16 10:23:01.415
0947a22a-ec40-4f49-867b-330a623a1a35,218,2026-04-16 10:23:01.424
0947a22a-ec40-4f49-867b-330a623a1a35,222,2026-04-16 10:23:01.432
0947a22a-ec40-4f49-867b-330a623a1a35,219,2026-04-16 10:23:01.441
0947a22a-ec40-4f49-867b-330a623a1a35,223,2026-04-16 10:23:01.449
0947a22a-ec40-4f49-867b-330a623a1a35,224,2026-04-16 10:23:01.457
0947a22a-ec40-4f49-867b-330a623a1a35,225,2026-04-16 10:23:01.466
0947a22a-ec40-4f49-867b-330a623a1a35,226,2026-04-16 10:23:01.474
0947a22a-ec40-4f49-867b-330a623a1a35,227,2026-04-16 10:23:01.482
0947a22a-ec40-4f49-867b-330a623a1a35,228,2026-04-16 10:23:01.490
0947a22a-ec40-4f49-867b-330a623a1a35,229,2026-04-16 10:23:01.515
0947a22a-ec40-4f49-867b-330a623a1a35,230,2026-04-16 10:23:01.524
0947a22a-ec40-4f49-867b-330a623a1a35,232,2026-04-16 10:23:01.532
0947a22a-ec40-4f49-867b-330a623a1a35,231,2026-04-16 10:23:01.541
0947a22a-ec40-4f49-867b-330a623a1a35,233,2026-04-16 10:23:01.548
0947a22a-ec40-4f49-867b-330a623a1a35,234,2026-04-16 10:23:01.558
0947a22a-ec40-4f49-867b-330a623a1a35,241,2026-04-16 10:23:01.565
0947a22a-ec40-4f49-867b-330a623a1a35,242,2026-04-16 10:23:01.574
0947a22a-ec40-4f49-867b-330a623a1a35,243,2026-04-16 10:23:01.583
0947a22a-ec40-4f49-867b-330a623a1a35,244,2026-04-16 10:23:01.590
0947a22a-ec40-4f49-867b-330a623a1a35,246,2026-04-16 10:23:01.614
0947a22a-ec40-4f49-867b-330a623a1a35,250,2026-04-16 10:23:01.624
0947a22a-ec40-4f49-867b-330a623a1a35,247,2026-04-16 10:23:01.633
0947a22a-ec40-4f49-867b-330a623a1a35,251,2026-04-16 10:23:01.641
0947a22a-ec40-4f49-867b-330a623a1a35,253,2026-04-16 10:23:01.650
0947a22a-ec40-4f49-867b-330a623a1a35,254,2026-04-16 10:23:01.657
0947a22a-ec40-4f49-867b-330a623a1a35,255,2026-04-16 10:23:01.666
0947a22a-ec40-4f49-867b-330a623a1a35,256,2026-04-16 10:23:01.674
0947a22a-ec40-4f49-867b-330a623a1a35,257,2026-04-16 10:23:01.683
0947a22a-ec40-4f49-867b-330a623a1a35,259,2026-04-16 10:23:01.690
0947a22a-ec40-4f49-867b-330a623a1a35,258,2026-04-16 10:23:01.700
0947a22a-ec40-4f49-867b-330a623a1a35,260,2026-04-16 10:23:01.708
0947a22a-ec40-4f49-867b-330a623a1a35,261,2026-04-16 10:23:01.716
0947a22a-ec40-4f49-867b-330a623a1a35,262,2026-04-16 10:23:01.725
0947a22a-ec40-4f49-867b-330a623a1a35,263,2026-04-16 10:23:01.732
0947a22a-ec40-4f49-867b-330a623a1a35,264,2026-04-16 10:23:01.741
0947a22a-ec40-4f49-867b-330a623a1a35,265,2026-04-16 10:23:01.749
0947a22a-ec40-4f49-867b-330a623a1a35,266,2026-04-16 10:23:01.757
0947a22a-ec40-4f49-867b-330a623a1a35,267,2026-04-16 10:23:01.766
0947a22a-ec40-4f49-867b-330a623a1a35,268,2026-04-16 10:23:01.789
0947a22a-ec40-4f49-867b-330a623a1a35,269,2026-04-16 10:23:01.799
0947a22a-ec40-4f49-867b-330a623a1a35,270,2026-04-16 10:23:01.820
0947a22a-ec40-4f49-867b-330a623a1a35,271,2026-04-16 10:23:01.833
0947a22a-ec40-4f49-867b-330a623a1a35,272,2026-04-16 10:23:01.841
0947a22a-ec40-4f49-867b-330a623a1a35,273,2026-04-16 10:23:01.849
0947a22a-ec40-4f49-867b-330a623a1a35,274,2026-04-16 10:23:01.858
0947a22a-ec40-4f49-867b-330a623a1a35,275,2026-04-16 10:23:01.866
0947a22a-ec40-4f49-867b-330a623a1a35,280,2026-04-16 10:23:01.876
0947a22a-ec40-4f49-867b-330a623a1a35,281,2026-04-16 10:23:01.882
0947a22a-ec40-4f49-867b-330a623a1a35,282,2026-04-16 10:23:01.891
0947a22a-ec40-4f49-867b-330a623a1a35,286,2026-04-16 10:23:01.899
0947a22a-ec40-4f49-867b-330a623a1a35,297,2026-04-16 10:23:01.907
7234f6dc-a316-4576-8453-6e10d7cf1c3d,131,2026-04-16 10:23:34.726
7234f6dc-a316-4576-8453-6e10d7cf1c3d,134,2026-04-16 10:23:34.771
7234f6dc-a316-4576-8453-6e10d7cf1c3d,132,2026-04-16 10:23:34.792
7234f6dc-a316-4576-8453-6e10d7cf1c3d,135,2026-04-16 10:23:34.808
7234f6dc-a316-4576-8453-6e10d7cf1c3d,133,2026-04-16 10:23:34.817
7234f6dc-a316-4576-8453-6e10d7cf1c3d,136,2026-04-16 10:23:34.824
7234f6dc-a316-4576-8453-6e10d7cf1c3d,137,2026-04-16 10:23:34.833
7234f6dc-a316-4576-8453-6e10d7cf1c3d,138,2026-04-16 10:23:34.857
7234f6dc-a316-4576-8453-6e10d7cf1c3d,139,2026-04-16 10:23:34.867
7234f6dc-a316-4576-8453-6e10d7cf1c3d,140,2026-04-16 10:23:34.875
7234f6dc-a316-4576-8453-6e10d7cf1c3d,141,2026-04-16 10:23:34.883
7234f6dc-a316-4576-8453-6e10d7cf1c3d,144,2026-04-16 10:23:34.891
7234f6dc-a316-4576-8453-6e10d7cf1c3d,145,2026-04-16 10:23:34.900
7234f6dc-a316-4576-8453-6e10d7cf1c3d,146,2026-04-16 10:23:34.908
7234f6dc-a316-4576-8453-6e10d7cf1c3d,142,2026-04-16 10:23:34.917
7234f6dc-a316-4576-8453-6e10d7cf1c3d,147,2026-04-16 10:23:34.924
7234f6dc-a316-4576-8453-6e10d7cf1c3d,143,2026-04-16 10:23:34.933
7234f6dc-a316-4576-8453-6e10d7cf1c3d,148,2026-04-16 10:23:34.941
7234f6dc-a316-4576-8453-6e10d7cf1c3d,168,2026-04-16 10:23:34.950
7234f6dc-a316-4576-8453-6e10d7cf1c3d,169,2026-04-16 10:23:34.959
7234f6dc-a316-4576-8453-6e10d7cf1c3d,170,2026-04-16 10:23:34.966
7234f6dc-a316-4576-8453-6e10d7cf1c3d,171,2026-04-16 10:23:34.975
7234f6dc-a316-4576-8453-6e10d7cf1c3d,172,2026-04-16 10:23:34.983
7234f6dc-a316-4576-8453-6e10d7cf1c3d,173,2026-04-16 10:23:34.991
7234f6dc-a316-4576-8453-6e10d7cf1c3d,174,2026-04-16 10:23:35.000
7234f6dc-a316-4576-8453-6e10d7cf1c3d,175,2026-04-16 10:23:35.009
7234f6dc-a316-4576-8453-6e10d7cf1c3d,177,2026-04-16 10:23:35.016
7234f6dc-a316-4576-8453-6e10d7cf1c3d,178,2026-04-16 10:23:35.040
7234f6dc-a316-4576-8453-6e10d7cf1c3d,179,2026-04-16 10:23:35.050
7234f6dc-a316-4576-8453-6e10d7cf1c3d,180,2026-04-16 10:23:35.058
7234f6dc-a316-4576-8453-6e10d7cf1c3d,181,2026-04-16 10:23:35.066
7234f6dc-a316-4576-8453-6e10d7cf1c3d,183,2026-04-16 10:23:35.075
7234f6dc-a316-4576-8453-6e10d7cf1c3d,184,2026-04-16 10:23:35.084
7234f6dc-a316-4576-8453-6e10d7cf1c3d,185,2026-04-16 10:23:35.091
7234f6dc-a316-4576-8453-6e10d7cf1c3d,188,2026-04-16 10:23:35.100
7234f6dc-a316-4576-8453-6e10d7cf1c3d,191,2026-04-16 10:23:35.108
7234f6dc-a316-4576-8453-6e10d7cf1c3d,192,2026-04-16 10:23:35.117
7234f6dc-a316-4576-8453-6e10d7cf1c3d,193,2026-04-16 10:23:35.125
7234f6dc-a316-4576-8453-6e10d7cf1c3d,194,2026-04-16 10:23:35.133
7234f6dc-a316-4576-8453-6e10d7cf1c3d,195,2026-04-16 10:23:35.141
7234f6dc-a316-4576-8453-6e10d7cf1c3d,196,2026-04-16 10:23:35.150
7234f6dc-a316-4576-8453-6e10d7cf1c3d,197,2026-04-16 10:23:35.158
7234f6dc-a316-4576-8453-6e10d7cf1c3d,198,2026-04-16 10:23:35.166
7234f6dc-a316-4576-8453-6e10d7cf1c3d,224,2026-04-16 10:23:35.175
7234f6dc-a316-4576-8453-6e10d7cf1c3d,225,2026-04-16 10:23:35.199
7234f6dc-a316-4576-8453-6e10d7cf1c3d,226,2026-04-16 10:23:35.208
7234f6dc-a316-4576-8453-6e10d7cf1c3d,227,2026-04-16 10:23:35.217
7234f6dc-a316-4576-8453-6e10d7cf1c3d,228,2026-04-16 10:23:35.240
7234f6dc-a316-4576-8453-6e10d7cf1c3d,229,2026-04-16 10:23:35.251
7234f6dc-a316-4576-8453-6e10d7cf1c3d,230,2026-04-16 10:23:35.258
7234f6dc-a316-4576-8453-6e10d7cf1c3d,232,2026-04-16 10:23:35.266
7234f6dc-a316-4576-8453-6e10d7cf1c3d,231,2026-04-16 10:23:35.275
7234f6dc-a316-4576-8453-6e10d7cf1c3d,233,2026-04-16 10:23:35.296
7234f6dc-a316-4576-8453-6e10d7cf1c3d,234,2026-04-16 10:23:35.327
7234f6dc-a316-4576-8453-6e10d7cf1c3d,237,2026-04-16 10:23:35.334
7234f6dc-a316-4576-8453-6e10d7cf1c3d,240,2026-04-16 10:23:35.341
7234f6dc-a316-4576-8453-6e10d7cf1c3d,241,2026-04-16 10:23:35.350
7234f6dc-a316-4576-8453-6e10d7cf1c3d,242,2026-04-16 10:23:35.358
7234f6dc-a316-4576-8453-6e10d7cf1c3d,243,2026-04-16 10:23:35.367
7234f6dc-a316-4576-8453-6e10d7cf1c3d,244,2026-04-16 10:23:35.375
7234f6dc-a316-4576-8453-6e10d7cf1c3d,245,2026-04-16 10:23:35.383
7234f6dc-a316-4576-8453-6e10d7cf1c3d,276,2026-04-16 10:23:35.391
7234f6dc-a316-4576-8453-6e10d7cf1c3d,277,2026-04-16 10:23:35.415
7234f6dc-a316-4576-8453-6e10d7cf1c3d,278,2026-04-16 10:23:35.425
7234f6dc-a316-4576-8453-6e10d7cf1c3d,279,2026-04-16 10:23:35.434
7234f6dc-a316-4576-8453-6e10d7cf1c3d,280,2026-04-16 10:23:35.442
7234f6dc-a316-4576-8453-6e10d7cf1c3d,281,2026-04-16 10:23:35.449
7234f6dc-a316-4576-8453-6e10d7cf1c3d,282,2026-04-16 10:23:35.460
7234f6dc-a316-4576-8453-6e10d7cf1c3d,283,2026-04-16 10:23:35.466
7234f6dc-a316-4576-8453-6e10d7cf1c3d,284,2026-04-16 10:23:35.475
7234f6dc-a316-4576-8453-6e10d7cf1c3d,287,2026-04-16 10:23:35.483
7234f6dc-a316-4576-8453-6e10d7cf1c3d,288,2026-04-16 10:23:35.492
7234f6dc-a316-4576-8453-6e10d7cf1c3d,289,2026-04-16 10:23:35.517
7234f6dc-a316-4576-8453-6e10d7cf1c3d,290,2026-04-16 10:23:35.525
7234f6dc-a316-4576-8453-6e10d7cf1c3d,297,2026-04-16 10:23:35.533
84c2c4e6-1c27-4f2c-808b-9e84a7cb257e,131,2026-04-16 10:25:18.554
84c2c4e6-1c27-4f2c-808b-9e84a7cb257e,134,2026-04-16 10:25:18.594
84c2c4e6-1c27-4f2c-808b-9e84a7cb257e,132,2026-04-16 10:25:18.601
84c2c4e6-1c27-4f2c-808b-9e84a7cb257e,135,2026-04-16 10:25:18.609
84c2c4e6-1c27-4f2c-808b-9e84a7cb257e,133,2026-04-16 10:25:18.618
84c2c4e6-1c27-4f2c-808b-9e84a7cb257e,136,2026-04-16 10:25:18.626
84c2c4e6-1c27-4f2c-808b-9e84a7cb257e,137,2026-04-16 10:25:18.634
84c2c4e6-1c27-4f2c-808b-9e84a7cb257e,138,2026-04-16 10:25:18.642
84c2c4e6-1c27-4f2c-808b-9e84a7cb257e,139,2026-04-16 10:25:18.651
84c2c4e6-1c27-4f2c-808b-9e84a7cb257e,140,2026-04-16 10:25:18.659
84c2c4e6-1c27-4f2c-808b-9e84a7cb257e,141,2026-04-16 10:25:18.668
84c2c4e6-1c27-4f2c-808b-9e84a7cb257e,144,2026-04-16 10:25:18.676
84c2c4e6-1c27-4f2c-808b-9e84a7cb257e,145,2026-04-16 10:25:18.684
84c2c4e6-1c27-4f2c-808b-9e84a7cb257e,146,2026-04-16 10:25:18.693
84c2c4e6-1c27-4f2c-808b-9e84a7cb257e,142,2026-04-16 10:25:18.701
84c2c4e6-1c27-4f2c-808b-9e84a7cb257e,147,2026-04-16 10:25:18.709
84c2c4e6-1c27-4f2c-808b-9e84a7cb257e,143,2026-04-16 10:25:18.717
84c2c4e6-1c27-4f2c-808b-9e84a7cb257e,148,2026-04-16 10:25:18.725
84c2c4e6-1c27-4f2c-808b-9e84a7cb257e,149,2026-04-16 10:25:18.752
84c2c4e6-1c27-4f2c-808b-9e84a7cb257e,170,2026-04-16 10:25:18.759
84c2c4e6-1c27-4f2c-808b-9e84a7cb257e,171,2026-04-16 10:25:18.768
84c2c4e6-1c27-4f2c-808b-9e84a7cb257e,172,2026-04-16 10:25:18.776
84c2c4e6-1c27-4f2c-808b-9e84a7cb257e,173,2026-04-16 10:25:18.785
84c2c4e6-1c27-4f2c-808b-9e84a7cb257e,174,2026-04-16 10:25:18.793
84c2c4e6-1c27-4f2c-808b-9e84a7cb257e,176,2026-04-16 10:25:18.801
84c2c4e6-1c27-4f2c-808b-9e84a7cb257e,179,2026-04-16 10:25:18.809
84c2c4e6-1c27-4f2c-808b-9e84a7cb257e,180,2026-04-16 10:25:18.817
84c2c4e6-1c27-4f2c-808b-9e84a7cb257e,181,2026-04-16 10:25:18.826
84c2c4e6-1c27-4f2c-808b-9e84a7cb257e,185,2026-04-16 10:25:18.835
84c2c4e6-1c27-4f2c-808b-9e84a7cb257e,186,2026-04-16 10:25:18.843
84c2c4e6-1c27-4f2c-808b-9e84a7cb257e,188,2026-04-16 10:25:18.851
84c2c4e6-1c27-4f2c-808b-9e84a7cb257e,189,2026-04-16 10:25:18.859
84c2c4e6-1c27-4f2c-808b-9e84a7cb257e,190,2026-04-16 10:25:18.868
84c2c4e6-1c27-4f2c-808b-9e84a7cb257e,191,2026-04-16 10:25:18.876
84c2c4e6-1c27-4f2c-808b-9e84a7cb257e,192,2026-04-16 10:25:18.884
84c2c4e6-1c27-4f2c-808b-9e84a7cb257e,193,2026-04-16 10:25:18.893
84c2c4e6-1c27-4f2c-808b-9e84a7cb257e,194,2026-04-16 10:25:18.901
84c2c4e6-1c27-4f2c-808b-9e84a7cb257e,195,2026-04-16 10:25:18.929
84c2c4e6-1c27-4f2c-808b-9e84a7cb257e,196,2026-04-16 10:25:18.967
84c2c4e6-1c27-4f2c-808b-9e84a7cb257e,197,2026-04-16 10:25:18.993
84c2c4e6-1c27-4f2c-808b-9e84a7cb257e,198,2026-04-16 10:25:19.002
84c2c4e6-1c27-4f2c-808b-9e84a7cb257e,224,2026-04-16 10:25:19.009
84c2c4e6-1c27-4f2c-808b-9e84a7cb257e,225,2026-04-16 10:25:19.018
84c2c4e6-1c27-4f2c-808b-9e84a7cb257e,226,2026-04-16 10:25:19.026
84c2c4e6-1c27-4f2c-808b-9e84a7cb257e,227,2026-04-16 10:25:19.034
84c2c4e6-1c27-4f2c-808b-9e84a7cb257e,228,2026-04-16 10:25:19.042
84c2c4e6-1c27-4f2c-808b-9e84a7cb257e,230,2026-04-16 10:25:19.051
84c2c4e6-1c27-4f2c-808b-9e84a7cb257e,232,2026-04-16 10:25:19.059
84c2c4e6-1c27-4f2c-808b-9e84a7cb257e,231,2026-04-16 10:25:19.068
84c2c4e6-1c27-4f2c-808b-9e84a7cb257e,233,2026-04-16 10:25:19.076
84c2c4e6-1c27-4f2c-808b-9e84a7cb257e,234,2026-04-16 10:25:19.085
84c2c4e6-1c27-4f2c-808b-9e84a7cb257e,276,2026-04-16 10:25:19.093
84c2c4e6-1c27-4f2c-808b-9e84a7cb257e,277,2026-04-16 10:25:19.101
84c2c4e6-1c27-4f2c-808b-9e84a7cb257e,280,2026-04-16 10:25:19.110
84c2c4e6-1c27-4f2c-808b-9e84a7cb257e,281,2026-04-16 10:25:19.144
84c2c4e6-1c27-4f2c-808b-9e84a7cb257e,282,2026-04-16 10:25:19.151
84c2c4e6-1c27-4f2c-808b-9e84a7cb257e,283,2026-04-16 10:25:19.159
84c2c4e6-1c27-4f2c-808b-9e84a7cb257e,284,2026-04-16 10:25:19.168
84c2c4e6-1c27-4f2c-808b-9e84a7cb257e,286,2026-04-16 10:25:19.176
84c2c4e6-1c27-4f2c-808b-9e84a7cb257e,287,2026-04-16 10:25:19.184
84c2c4e6-1c27-4f2c-808b-9e84a7cb257e,289,2026-04-16 10:25:19.193
84c2c4e6-1c27-4f2c-808b-9e84a7cb257e,297,2026-04-16 10:25:19.201
84c2c4e6-1c27-4f2c-808b-9e84a7cb257e,182,2026-04-16 10:29:52.681
7234f6dc-a316-4576-8453-6e10d7cf1c3d,176,2026-04-16 10:30:26.535
7234f6dc-a316-4576-8453-6e10d7cf1c3d,258,2026-04-16 10:30:26.635
7234f6dc-a316-4576-8453-6e10d7cf1c3d,257,2026-04-16 10:30:26.708
7234f6dc-a316-4576-8453-6e10d7cf1c3d,259,2026-04-16 10:30:26.720
7234f6dc-a316-4576-8453-6e10d7cf1c3d,260,2026-04-16 10:30:26.730
fb270a09-6a45-4eae-8f9a-3c808faec3ee,297,2026-04-16 10:31:12.348
